Email,Domain,Timezone,City,Region,Firm
heather.palmer@ascotbookkeeping.co.uk,ascotbookkeeping.co.uk,Europe/London,Ascot,Berkshire,ASCOT BOOKKEEPING & ACCOUNTING LTD
mail@muson.com,muson.com,Europe/London,Bedworth,Warwickshire,MUSON LTD
info@williamsmith.co.uk,williamsmith.co.uk,Europe/London,Bexley,Kent,WILLIAM SMITH TAXATION SERVICES LIMITED
team@dhassociates.co.uk,dhassociates.co.uk,Europe/London,Birmingham,,DH & ASSOCIATES LTD
david@kimeconsultancy.com,kimeconsultancy.com,Europe/London,Boston,Lincolnshire,KIME CONSULTANCY LIMITED
info@talliedaccountancy.com,talliedaccountancy.com,Europe/London,Bournemouth,Dorset,TALLIED ACCOUNTANCY LTD
info@blacksofa.co.uk,blacksofa.co.uk,Europe/London,Brentwood,,BLACK SOFA L LIMITED
hello@minervaaccountants.co.uk,minervaaccountants.co.uk,Europe/London,Bristol,,MINERVA ACCOUNTANTS BRISTOL AND SOMERSET LIMITED
enquiries@spaceadvisory.co.uk,spaceadvisory.co.uk,Europe/London,Bristol,,SPACE ADVISORY AND ACCOUNTANCY LIMITED
info@mhprofessionals.co.uk,mhprofessionals.co.uk,Europe/London,Bromley,,MH PROFESSIONALS LTD
info@switchfootaccounting.co.uk,switchfootaccounting.co.uk,Europe/London,Camberley,,SWITCHFOOT ACCOUNTING LIMITED
hbs@howardsbusiness.com,howardsbusiness.com,Europe/London,Camborne,Cornwall,HOWARDS BUSINESS SERVICES LTD
info@aksaccountancy.co.uk,aksaccountancy.co.uk,Europe/London,Chislehurst,,AKS ACCOUNTANCY LIMITED
alex@alexandradavis.co.uk,alexandradavis.co.uk,Europe/London,Croydon,,ALEXANDRA DAVIS LIMITED
info@accountaxadvisors.co.uk,accountaxadvisors.co.uk,Europe/London,Dagenham,,ACCOUNTAX ADVISORS LIMITED
neil@fraseraccounting.co.uk,fraseraccounting.co.uk,Europe/London,Dartford,Kent,FRASER ACCOUNTING LIMITED
hello@macaccountants.com,macaccountants.com,Europe/London,Dunfermline,,MAC ACCOUNTANTS LIMITED
webmaster@mavary.com,mavary.com,Europe/London,Dunstable,,MAVARY LTD
lauren@zenaccounting.co.uk,zenaccounting.co.uk,Europe/London,East Grinstead,,ZEN ACCOUNTING SOLUTIONS LTD
contact@jacobesafs.co.uk,jacobesafs.co.uk,Europe/London,Edinburgh,,JACOBES AFS LTD
hello@blythaccountants.co.uk,blythaccountants.co.uk,Europe/London,Glasgow,,BLYTH ACCOUNTANTS LIMITED
info@rmdean.co.uk,rmdean.co.uk,Europe/London,Glasgow,,RM DEAN LTD
info@fivevalleys.co.uk,fivevalleys.co.uk,Europe/London,Gloucester,,FIVE VALLEYS SYSTEMS LTD
info@mjaccountancy.co.uk,mjaccountancy.co.uk,Europe/London,Guildford,,MJ UK ACCOUNTANCY LTD
gordon@haxton.co.uk,haxton.co.uk,Europe/London,Hampton Hill,Middlesex,HAXTON LIMITED
info@efficientbooks.co.uk,efficientbooks.co.uk,Europe/London,Harrow & Wealdstone,,EFFICIENT BOOKS LTD
support@ambbookkeeping.com,ambbookkeeping.com,Europe/London,Huntingdon,,AMB BOOKKEEPING & ACCOUNTANCY SERVICES LTD.
info@help4bg.co.uk,help4bg.co.uk,Europe/London,Ilford,,HELP4BG LTD
info@anantam.co.uk,anantam.co.uk,Europe/London,Leicester,,ANANTAM LIMITED
info@shanticonsulting.co.uk,shanticonsulting.co.uk,Europe/London,Leicester,,SHANTI CONSULTING LIMITED
office@shaylad.com,shaylad.com,Europe/London,Leicester,,SHAY LAD LTD
info@castleaccountant.co.uk,castleaccountant.co.uk,Europe/London,Liverpool,Merseyside,CASTLE ACCOUNTANT SERVICES LTD
info@thisjohnson.co.uk,thisjohnson.co.uk,Europe/London,Liverpool,,THIS JOHNSON LTD
info@millsaccountants.com,millsaccountants.com,Europe/London,Llandudno Junction,Conwy,MILLS & CO ACCOUNTANTS (NW) LTD
info@atpaccounting.co.uk,atpaccounting.co.uk,Europe/London,London,England,ATP (ACCOUNTING) LTD
info@bnaconsulting.co.uk,bnaconsulting.co.uk,Europe/London,London,,BNA CONSULTING SERVICES LTD
info@cassia.co.uk,cassia.co.uk,Europe/London,London,,CASSIA SOLUTIONS LIMITED
info@crystalfs.co.uk,crystalfs.co.uk,Europe/London,London,,CRYSTAL FS LTD
hello@fernsideaccounting.co.uk,fernsideaccounting.co.uk,Europe/London,London,,FERNSIDE ACCOUNTING LIMITED
info@flawlessbookkeeping.co.uk,flawlessbookkeeping.co.uk,Europe/London,London,,FLAWLESS BOOKKEEPING LIMITED
info@fredricksaccountants.com,fredricksaccountants.com,Europe/London,London,,FREDRICKS ACCOUNTANTS & CO LTD
info@greatfinance.co.uk,greatfinance.co.uk,Europe/London,London,,GREAT FINANCE LTD
rashid@imperialaccounting.co.uk,imperialaccounting.co.uk,Europe/London,London,,IMPERIAL ACCOUNTING LIMITED
contact@kalculus.co.uk,kalculus.co.uk,Europe/London,London,,KALCULUS LIMITED
info@londonaccountingfirm.co.uk,londonaccountingfirm.co.uk,Europe/London,London,,LONDON ACCOUNTING FIRM LTD
info@micoedward.com,micoedward.com,Europe/London,London,,MICO EDWARD ACCOUNTANTS LTD
info@mintiersfinancial.co.uk,mintiersfinancial.co.uk,Europe/London,London,,MINTIERS FINANCIAL LTD
info@newvisionlegalsupport.com,newvisionlegalsupport.com,Europe/London,London,,NEW VISION LEGAL SUPPORT LIMITED
hello@prayoni.com,prayoni.com,Europe/London,London,,PRAYONI LTD
info@proficientaccountants.com,proficientaccountants.com,Europe/London,London,,PROFICIENT ACCOUNTANTS LTD
info@sltgpartners.co.uk,sltgpartners.co.uk,Europe/London,London,,SLTG & PARTNERS LIMITED
info@winprotech.co.uk,winprotech.co.uk,Europe/London,London,,WINPROTECH LIMITED
info@eagleadvisory.com,eagleadvisory.com,Europe/London,Longfield,Kent,EAGLE ADVISORY LTD
info@3rdeyeaccountax.co.uk,3rdeyeaccountax.co.uk,Europe/London,Manchester,,3RD EYE ACCOUNTAX LTD
hello@analytiapartners.co.uk,analytiapartners.co.uk,Europe/London,Manchester,,ANALYTIA PARTNERS LIMITED
info@oncloudaccountancy.com,oncloudaccountancy.com,Europe/London,Manchester,,ON CLOUD 9 ACCOUNTANCY LTD
info@toptax.co.uk,toptax.co.uk,Europe/London,Manchester,Greater Manchester,TOP TAX PARTNERS LIMITED
shannon@glasshouse.com,glasshouse.com,Europe/London,Mansfield,Nottingham,GLASS HOUSE ACCOUNTANTS (CHESHIRE) LIMITED
info@arkconsulting.co.uk,arkconsulting.co.uk,Europe/London,Milton Keynes,,ARK CONSULTING & TAX LTD
mike@sanwellaccounting.co.uk,sanwellaccounting.co.uk,Europe/London,Milton Keynes,Buckinghamshire,SANWELL ACCOUNTING LTD
info@marblehillaccountants.co.uk,marblehillaccountants.co.uk,Europe/London,New Malden,,MARBLE HILL ACCOUNTANTS LTD
chris@redmomentum.com,redmomentum.com,Europe/London,Newcastle Upon Tyne,Tyne & Wear,RED MOMENTUM MANAGEMENT LTD
hello@mollio.co.uk,mollio.co.uk,Europe/London,Newport,Newport,MOLLIO LIMITED
office@vattaxaccountancy.co.uk,vattaxaccountancy.co.uk,Europe/London,Northampton,,VATTAX ACCOUNTANCY LTD
growth@uniqueaccountants.co.uk,uniqueaccountants.co.uk,Europe/London,Poole,Dorset,UNIQUE ACCOUNTANTS LTD
joanne@crescendoconsultancy.co.uk,crescendoconsultancy.co.uk,Europe/London,Reading,,CRESCENDO CONSULTANCY LIMITED
support@kanaka.com,kanaka.com,Europe/London,Sheerness,,KANAKA LTD
didem_matoszko@pearlsbookkeeping.co.uk,pearlsbookkeeping.co.uk,Europe/London,Solihull,,PEARLS BOOKKEEPING AND ACCOUNTING LTD
info@josbenaccountancy.co.uk,josbenaccountancy.co.uk,Europe/London,Southampton,Hampshire,JOSBEN ACCOUNTANCY LIMITED
info@londonfinance.co.uk,londonfinance.co.uk,Europe/London,Stanmore,,LONDON FINANCE PARTNERS LIMITED
angie@stratfordaccounting.com,stratfordaccounting.com,Europe/London,Stratford-Upon-Avon,,STRATFORD ACCOUNTING LIMITED
hello@bayleaffinancial.co.uk,bayleaffinancial.co.uk,Europe/London,Sutton Coldfield,West Midlands,BAYLEAF FINANCIAL LIMITED
david@jonesjones.co.uk,jonesjones.co.uk,Europe/London,Teddington,,JONES & JONES SOLUTIONS LTD
mypayroll@professionalpayroll.com,professionalpayroll.com,Europe/London,Walsall,,PROFESSIONAL-PAYROLL AND CIS LIMITED
info@odaccountancypractice.co.uk,odaccountancypractice.co.uk,Europe/London,Waltham Cross,,OD ACCOUNTANCY PRACTICE LTD
hello@cinnamon.co.uk,cinnamon.co.uk,Europe/London,Warrington,,CINNAMON SOLUTIONS LIMITED
robin@grangerlawrence.com,grangerlawrence.com,Europe/London,West Chiltington,,GRANGER LAWRENCE LIMITED
info@padova.com,padova.com,Europe/London,Wetherby,,PADOVA SERVICES LIMITED
neil@dewgosling.com,dewgosling.com,Europe/London,Winchester,,DEWGOSLING LTD
jeff@mofinancial.com,mofinancial.com,Europe/London,Witney,,MO FINANCIAL CONSULTING LTD
info@phoenixtaxaccountancy.co.uk,phoenixtaxaccountancy.co.uk,Europe/London,Wolverhampton,,PHOENIX TAX ACCOUNTANCY LTD
